id;nom;prenom;photo_url;date_naiss;annee_naiss;lieu_naiss;genre;type_demande;email;dest_voyage_p;motif_deplacement;pays_naissance;region_naiss;departe_naiss;telephone;pays;region;departement;lieu;rue;profession;prenom_mere;nom_mere;prenom_pere;nom_pere;format_cni;numero_cni;date_deliv_cni;date_exp_cni
1;reciprocal withdrawal;synthesize compressing;multi-byte Administrateur;2023-02-15;arra;envisioneer;Coordinateur world-class Adaptive;capacitor hard;Oriane_Dupuy78@gmail.com;Kids compressing;quantify virtual;a quantify uniform;e-markets a;Cotton;0266861123;connect Ergonomic;Music paradigms;b;c a;Plastic;regional;Grocery;c Enhanced;Granite Agent overriding;payment;background magenta;94258;2023-02-15;2023-02-15
2;leverage Pants;Market Gorgeous;back-end Cambridgeshire Cotton;2023-02-14;opti;invoice Rubber b;Checking;feed;Ren.Marie@hotmail.fr;matrix optical bricks-and-clicks;technologies b;Bedfordshire Coordinateur reinvent;Kazakhstan Fresh;a reintermediate e-business;+33 276107877;Producteur;alarm Soft Intelligent;payment Ergonomic FTP;Nord-Pas-de-Calais Midi-Pyrénées Mongolie;Franche-Comté Colombie;Account Hat;next;Grocery;SMS;Korean Berkshire compressing;Montmorency parse;20185;2023-02-15;2023-02-15
3;payment deploy;morph Sleek eyeballs;Health 24/7 GB;2023-02-15;Caum;Buckinghamshire Account Cambridgeshire;Computers;interface Manager;Amde_Schneider91@gmail.com;up;Ball;e-enable turquoise Corse;Bacon wireless state;Front-line CSS;+33 605071193;optimize Corse Awesome;hierarchy Islande Practical;content Cheese;architectures Cotton;Pastourelle;Ball;functionalities Paix Towels;Sharable JSON Networked;Buckinghamshire throughput Rivoli;c centrafricaine deliver;b;73252;2023-02-15;2023-02-15
4;Azerbaïdjan;indigo Cameroun;bypass Grands;2023-02-15;red;c JSON bypass;Buckinghamshire Fantastic;b productize;Ameline.Cousin99@hotmail.fr;Small auxiliary interface;Assistant metrics;Borders Assistant Kina;channels;Checking Coordinateur;+33 122048740;driver Ingenieur démocratique;Bedfordshire connecting;bus microchip synthesize;b scalable Market;Intelligent;Configurable open-source Angola;solution-oriented generate;Handmade overriding;Peso;niches Egyptian Tools;Franche-Comté paradigm copying;31963;2023-02-15;2023-02-15
5;Compatible;withdrawal Loan;a Tools;2023-02-14;b ba;Sri;Analyste back-end b;Borders Irak responsive;Armance.Picard84@yahoo.fr;calculating solid visionary;b Corse Sports;Multi-lateral;Bike up Small;input;+33 191214728;enable green Cambridgeshire;1080p b;Gorgeous;engine radical;c Corée;Technicien;mindshare users Granite;maroon Guilder Leu;Chicken Manager Clothing;Market synergistic;Fantastic c AI;28569;2023-02-15;2023-02-14
6;invoice;pricing Haute-Normandie Licensed;Rhône-Alpes Berkshire granular;2023-02-15;Acco;Bretagne state;benchmark;Coordinateur;Ascension.Marchand@hotmail.fr;b a Computer;withdrawal Grass-roots;holistic;Thaïlande Personal;SAS;0348614487;Refined Midi-Pyrénées withdrawal;multi-state;edge;e-tailers circuit;Synergized parsing;SAS Philippines partnerships;Steel;Haute-Normandie Plastic;input;back-end;Alsace;46350;2023-02-15;2023-02-15
7;client-server Computer Stagiaire;Bahreïn;schemas knowledge transmit;2023-02-14;cont;Platinum digital;b Ball;Gorgeous;Raymonde_Nicolas96@yahoo.fr;Centre b;multi-byte;Bretagne interactive;indexing Manager;Producteur c;0706033002;parse lime Plastic;transparent;a Haute-Normandie;deposit Swiss;array;Jordan pixel methodologies;Plastic connect;revolutionize CSS;Gorgeous Balanced cross-platform;networks Unbranded;override;33719;2023-02-14;2023-02-15
8;a impactful;seamless input orchid;quantify info-mediaries Mouse;2023-02-15;Meta;Poitou-Charentes 24/365;deposit;reserved withdrawal cyan;Rebecca_Breton@hotmail.fr;user-facing c;Handmade;a Reactive;compelling;c;+33 142982741;Streamlined ADP protocol;Movies Music;Versatile;Units;Picardie;wireless;array;Bedfordshire Plastic;Switchable d'Alésia B2B;Manager;Handmade;93116;2023-02-15;2023-02-14
9;Cotton;d'Orsel leverage seize;convergence Beauty mobile;2023-02-15;Cedi;firewall Enterprise-wide;seamless deposit best-of-breed;reintermediate;Audran.Martinez7@yahoo.fr;global SMTP;Organized Borders Hat;IB Gorgeous Russie;Pound France;a quantifying Limousin;0182276413;Ingenieur;Gorgeous;Account Serbie;generating;eco-centric d'Abbeville;Movies;Cambridgeshire Wooden;multi-state c;orchid;la Loan bluetooth;cultivate Saint-Christophe-et-Niévès Pants;23564;2023-02-15;2023-02-15
10;Personal;reintermediate;overriding Up-sized l'Abbaye;2023-02-14;wire;deposit copy;middleware;Fantastic a copy;Tatiana.Faure@gmail.com;Palladium Assistant Account;zero reinvent;Cheese benchmark Adolphe;Customizable;Chair;0783613290;b Saussaies payment;Mouffetard Incredible;Car c needs-based;navigating;generation blue;Île-de-France b eco-centric;Multi-tiered b;Rubber Tools capacitor;Personal;magenta;Books networks;10150;2023-02-15;2023-02-15
